ngay_phat_hanh,cap_nhat_cuoi,kv,han_ngay,ngay_du_bao,muc_cao_nhat,p_dat_nguong_cao_nhat,mua_lon_nhat_mm,fs_nho_nhat
2026-10-03,21:06,KV1,0,2026-10-03,1,0.000,1.4,1.578
2026-10-03,21:06,KV1,1,2026-10-04,1,0.000,19.2,1.576
2026-10-03,21:06,KV1,2,2026-10-05,1,0.037,21.4,1.573
2026-10-03,21:06,KV1,3,2026-10-06,1,0.000,0.0,1.575
2026-10-03,21:06,KV2,0,2026-10-03,0,0.000,5.2,1.575
2026-10-03,21:06,KV2,1,2026-10-04,0,0.000,15.9,1.573
2026-10-03,21:06,KV2,2,2026-10-05,0,0.000,13.0,1.573
2026-10-03,21:06,KV2,3,2026-10-06,0,0.000,0.9,1.574
2026-10-03,21:06,KV3,0,2026-10-03,0,0.000,8.3,1.615
2026-10-03,21:06,KV3,1,2026-10-04,0,0.000,27.1,1.612
2026-10-03,21:06,KV3,2,2026-10-05,0,0.000,24.3,1.609
2026-10-03,21:06,KV3,3,2026-10-06,0,0.000,0.1,1.610
2026-10-04,19:12,KV1,0,2026-10-04,1,0.000,26.7,1.575
2026-10-04,19:12,KV1,1,2026-10-05,1,0.024,12.2,1.575
2026-10-04,19:12,KV1,2,2026-10-06,1,0.000,0.0,1.577
2026-10-04,19:12,KV1,3,2026-10-07,1,0.000,0.0,1.578
2026-10-04,19:12,KV2,0,2026-10-04,0,0.000,21.9,1.572
2026-10-04,19:12,KV2,1,2026-10-05,0,0.000,11.3,1.571
2026-10-04,19:12,KV2,2,2026-10-06,0,0.000,0.9,1.573
2026-10-04,19:12,KV2,3,2026-10-07,0,0.000,0.0,1.574
2026-10-04,19:12,KV3,0,2026-10-04,0,0.000,27.1,1.612
2026-10-04,19:12,KV3,1,2026-10-05,0,0.000,24.3,1.609
2026-10-04,19:12,KV3,2,2026-10-06,0,0.000,0.1,1.610
2026-10-04,19:12,KV3,3,2026-10-07,0,0.000,0.0,1.611
2026-10-05,07:42,KV1,0,2026-10-05,1,0.012,28.2,1.571
2026-10-05,07:42,KV1,1,2026-10-06,1,0.000,2.0,1.573
2026-10-05,07:42,KV1,2,2026-10-07,1,0.000,0.0,1.575
2026-10-05,07:42,KV1,3,2026-10-08,1,0.000,0.0,1.576
2026-10-05,07:42,KV2,0,2026-10-05,0,0.000,44.9,1.568
2026-10-05,07:42,KV2,1,2026-10-06,0,0.000,0.4,1.569
2026-10-05,07:42,KV2,2,2026-10-07,0,0.000,0.0,1.571
2026-10-05,07:42,KV2,3,2026-10-08,0,0.000,0.0,1.572
2026-10-05,07:42,KV3,0,2026-10-05,0,0.000,30.3,1.609
2026-10-05,07:42,KV3,1,2026-10-06,0,0.000,0.0,1.610
2026-10-05,07:42,KV3,2,2026-10-07,0,0.000,0.0,1.611
2026-10-05,07:42,KV3,3,2026-10-08,0,0.000,0.0,1.612
